{
    "time": [
        0,
        1,
        2,
        3,
        4,
        5
    ],
    "plant_size": [
        0,
        5,
        12,
        20,
        32,
        45
    ],
    "optimized_parameters": {
        "k_opt": 2.1496678912162744e-05,
        "I_opt": 72.04064107284265,
        "N_opt": 72.03900737770425,
        "G_opt": 72.03802170183555
    }
}